{
  "type": "apple",
  "bottom_center": [
    0.0006218700704307967,
    -0.0004890728229123287,
    -0.03245505296365137
  ],
  "functional_grasp": {
    "body": [
      [
        0.07802050169859331,
        0.1568210047884315,
        0.01720261296205066,
        0.4893867257734858,
        0.2525726075863466,
        -0.6966229561628927,
        0.4598088379757536
      ],
      [
        -0.09453909992422946,
        -0.05512722437140429,
        0.12675229139052657,
        -0.3585998140097356,
        0.524492438364779,
        -0.7721328148761737,
        0.011170124518022295
      ],
      [
        0.10689668428854354,
        -0.11511598305082767,
        0.07497281990676699,
        0.2341784315700009,
        0.3517061288405775,
        -0.7379831515869356,
        -0.5261597942614045
      ],
      [
        -0.0640350777467497,
        0.11332414654658773,
        0.1120822475604728,
        0.4233925529608934,
        0.8746366605007252,
        0.19185478469300996,
        0.13762703148653094
      ],
      [
        0.04416840062808619,
        0.06657063477979205,
        0.15767756015856188,
        0.15576277676202727,
        0.8682026362398865,
        0.4301700057797081,
        -0.19213512414178668
      ],
      [
        -0.06839810557750026,
        -0.1487649235739517,
        0.033678058121349004,
        -0.5497588394533305,
        0.7710042544873512,
        0.0879256381932257,
        0.3091710532272465
      ],
      [
        0.14532196276006337,
        0.05118450056021579,
        0.0659884307314252,
        -0.19873358340737246,
        0.653252113453262,
        0.5200679400182482,
        -0.5131237441983053
      ],
      [
        0.053168941012381045,
        -0.16334214880918638,
        0.037589078298827745,
        0.29206574337291163,
        -0.12232545668325406,
        -0.7502002124580917,
        -0.580459925768434
      ],
      [
        -0.1400646215402745,
        0.0540663837236965,
        0.08335282251963456,
        0.5036595702267346,
        0.5638557699359205,
        0.628036459565174,
        0.184293009866986
      ],
      [
        -0.08699141409684302,
        0.0858189248281939,
        0.11877348864233161,
        0.40383688460988865,
        0.755554913661663,
        0.5117850580587745,
        0.06425416265171499
      ],
      [
        0.09094919621650956,
        0.14587059492268326,
        0.014472472761365977,
        0.5558031184033005,
        0.28463391386606185,
        -0.6709816791684537,
        0.39981247463121566
      ],
      [
        -0.07361780901597255,
        -0.06243123038527209,
        0.14186183794616583,
        -0.3031856204321709,
        0.488564716713585,
        -0.8168304596240954,
        -0.046593962870993544
      ],
      [
        -0.014318834940094928,
        0.08099336186107164,
        0.14776135523299794,
        0.07371664902632863,
        0.13885617058881738,
        0.9624337739051565,
        -0.22137310223334794
      ],
      [
        0.03350966097173755,
        0.06939563879749296,
        0.15589195969030498,
        0.18695350608976152,
        0.9554259228343394,
        0.19383300651144966,
        -0.12098949592269984
      ],
      [
        -0.11789097798443274,
        0.12108454549122913,
        0.02628200146454829,
        0.3474209818037722,
        0.7051140798828669,
        -0.21998964512212227,
        0.5776827432012176
      ],
      [
        0.0855813895546949,
        -0.055242480277512336,
        0.14547837570291086,
        -0.01680613034339523,
        0.8528449708815697,
        -0.41087021861085876,
        -0.3218053341440441
      ],
      [
        0.026778051927543355,
        -0.09196605453627797,
        0.14376746371174892,
        -0.01848378334108619,
        0.35131846794887334,
        -0.8825054277280587,
        -0.3121183331077701
      ],
      [
        -0.10580190165341816,
        0.10773747781818058,
        0.09191014211108464,
        0.49628255295441925,
        0.7673070177742242,
        0.35611206881408874,
        0.19526331594137095
      ],
      [
        0.14127731241247654,
        0.1251327527527181,
        0.04051714512973044,
        -0.2544347243585229,
        0.3245673982191843,
        0.7349310101600982,
        -0.5383264672658119
      ],
      [
        -0.05203526870220533,
        -0.061442533575250154,
        0.15352015731799556,
        -0.18137330828955833,
        0.2981871261973275,
        -0.9255891105030405,
        -0.14653654605070376
      ],
      [
        0.10191143003123482,
        -0.1309266585845723,
        0.009850248471197401,
        0.4683894045168241,
        -0.1842775727804643,
        -0.7363173799730893,
        -0.45220554823672954
      ],
      [
        -0.1041067298257945,
        0.06049250535624506,
        0.09711548487907097,
        0.4034748540462826,
        0.48376027889550915,
        0.7737958131615796,
        0.06651371474274664
      ],
      [
        0.07427913159239935,
        -0.09275331299162153,
        0.08754373674331593,
        0.11620038925439302,
        0.4269126244414897,
        -0.7814480099521952,
        -0.4399796454057402
      ],
      [
        0.040639009792862904,
        0.05695594005631649,
        0.15927417718448794,
        0.17435272656338408,
        0.9541206722108029,
        0.20223046221211113,
        -0.13549062607204898
      ],
      [
        0.0038897099120273025,
        0.08266255350897875,
        0.14792165648000846,
        0.2561675666179106,
        0.9162830050765571,
        0.29990700092033207,
        -0.06970956333175864
      ],
      [
        -0.08757896131916086,
        0.125528872215419,
        0.08086271725256504,
        0.47437090384463837,
        0.8368700498740977,
        0.11447401695825768,
        0.24802512907120194
      ],
      [
        0.1712260266588117,
        0.0003975077774157795,
        0.017127955688681112,
        0.336322858681421,
        0.6332310874896241,
        -0.35358024506651337,
        -0.6007381583217181
      ],
      [
        -0.14325616925073772,
        -0.06769369547415886,
        0.03677106411229768,
        -0.21874364056203205,
        0.7764095229682505,
        0.03248992509322418,
        0.5901558074994424
      ],
      [
        0.13116438629174415,
        -0.0018828235218422596,
        0.12080848332916472,
        -0.08123471978323055,
        0.899294682969561,
        0.20568251218962405,
        -0.37731246688094133
      ],
      [
        -0.15435013948745274,
        -0.05488605641735302,
        0.004440591185800916,
        0.4037111084337288,
        0.3601606814702973,
        0.6204605920736217,
        0.5677413831435153
      ],
      [
        0.13872166931603602,
        -0.0826750840985952,
        0.01049739109850514,
        0.33547908056602577,
        0.3115981198468498,
        -0.659854371730394,
        -0.5957789911693502
      ],
      [
        0.02151873430431344,
        0.07701559748767708,
        0.15127733487307943,
        0.20478172052407967,
        0.8362060032992583,
        0.48626323276049377,
        -0.14957284329313492
      ],
      [
        -0.008526008534228822,
        0.07707156736182695,
        0.148963969037757,
        0.2140008692717472,
        0.7136488641243157,
        0.649631122090673,
        -0.15128890209207205
      ],
      [
        -0.03113375812534349,
        -0.06968906462122598,
        0.1552198829806046,
        -0.11682736043461744,
        0.21950007270066818,
        -0.9485244685124425,
        -0.1961438721231683
      ],
      [
        -0.018053879366079734,
        0.0875067776028531,
        0.14328304910149275,
        0.28434988492116586,
        0.8612482667357246,
        0.417145009618806,
        -0.05819456108740817
      ],
      [
        0.020988864461792055,
        -0.09868329019255333,
        0.1424861218760875,
        0.0012909395093175235,
        0.30034098187265673,
